Date,Industry,Value,Category,Measure,Unit
2019-01,manufacturing,100.0,jobs,100-equivalent-month-of-2019,index
2019-01,construction,100.0,jobs,100-equivalent-month-of-2019,index
2019-01,retail-trade,100.0,jobs,100-equivalent-month-of-2019,index
2019-01,accommodation-and-food-services,100.0,jobs,100-equivalent-month-of-2019,index
2019-01,information-media-and-telecommunications,100.0,jobs,100-equivalent-month-of-2019,index
2019-01,rental-hiring-and-real-estate-services,100.0,jobs,100-equivalent-month-of-2019,index
2019-01,professional-scientific-and-technical-services,100.0,jobs,100-equivalent-month-of-2019,index
2019-01,administrative-and-support-services,100.0,jobs,100-equivalent-month-of-2019,index
2019-01,other-services,100.0,jobs,100-equivalent-month-of-2019,index
2019-01,health-care-and-social-assistance,100.0,jobs,100-equivalent-month-of-2019,index
2019-02,manufacturing,100.0,jobs,100-equivalent-month-of-2019,index
2019-02,construction,100.0,jobs,100-equivalent-month-of-2019,index
2019-02,retail-trade,100.0,jobs,100-equivalent-month-of-2019,index
2019-02,accommodation-and-food-services,100.0,jobs,100-equivalent-month-of-2019,index
2019-02,information-media-and-telecommunications,100.0,jobs,100-equivalent-month-of-2019,index
2019-02,rental-hiring-and-real-estate-services,100.0,jobs,100-equivalent-month-of-2019,index
2019-02,professional-scientific-and-technical-services,100.0,jobs,100-equivalent-month-of-2019,index
2019-02,administrative-and-support-services,100.0,jobs,100-equivalent-month-of-2019,index
2019-02,other-services,100.0,jobs,100-equivalent-month-of-2019,index
2019-02,health-care-and-social-assistance,100.0,jobs,100-equivalent-month-of-2019,index
2019-03,manufacturing,100.0,jobs,100-equivalent-month-of-2019,index
2019-03,construction,100.0,jobs,100-equivalent-month-of-2019,index
2019-03,retail-trade,100.0,jobs,100-equivalent-month-of-2019,index
2019-03,accommodation-and-food-services,100.0,jobs,100-equivalent-month-of-2019,index
2019-03,information-media-and-telecommunications,100.0,jobs,100-equivalent-month-of-2019,index
2019-03,rental-hiring-and-real-estate-services,100.0,jobs,100-equivalent-month-of-2019,index
2019-03,professional-scientific-and-technical-services,100.0,jobs,100-equivalent-month-of-2019,index
2019-03,administrative-and-support-services,100.0,jobs,100-equivalent-month-of-2019,index
2019-03,other-services,100.0,jobs,100-equivalent-month-of-2019,index
2019-03,health-care-and-social-assistance,100.0,jobs,100-equivalent-month-of-2019,index
2019-04,manufacturing,100.0,jobs,100-equivalent-month-of-2019,index
2019-04,construction,100.0,jobs,100-equivalent-month-of-2019,index
2019-04,retail-trade,100.0,jobs,100-equivalent-month-of-2019,index
2019-04,accommodation-and-food-services,100.0,jobs,100-equivalent-month-of-2019,index
2019-04,information-media-and-telecommunications,100.0,jobs,100-equivalent-month-of-2019,index
2019-04,rental-hiring-and-real-estate-services,100.0,jobs,100-equivalent-month-of-2019,index
2019-04,professional-scientific-and-technical-services,100.0,jobs,100-equivalent-month-of-2019,index
2019-04,administrative-and-support-services,100.0,jobs,100-equivalent-month-of-2019,index
2019-04,other-services,100.0,jobs,100-equivalent-month-of-2019,index
2019-04,health-care-and-social-assistance,100.0,jobs,100-equivalent-month-of-2019,index
2019-05,manufacturing,100.0,jobs,100-equivalent-month-of-2019,index
2019-05,construction,100.0,jobs,100-equivalent-month-of-2019,index
2019-05,retail-trade,100.0,jobs,100-equivalent-month-of-2019,index
2019-05,accommodation-and-food-services,100.0,jobs,100-equivalent-month-of-2019,index
2019-05,information-media-and-telecommunications,100.0,jobs,100-equivalent-month-of-2019,index
2019-05,rental-hiring-and-real-estate-services,100.0,jobs,100-equivalent-month-of-2019,index
2019-05,professional-scientific-and-technical-services,100.0,jobs,100-equivalent-month-of-2019,index
2019-05,administrative-and-support-services,100.0,jobs,100-equivalent-month-of-2019,index
2019-05,other-services,100.0,jobs,100-equivalent-month-of-2019,index
2019-05,health-care-and-social-assistance,100.0,jobs,100-equivalent-month-of-2019,index
2019-06,manufacturing,100.0,jobs,100-equivalent-month-of-2019,index
2019-06,construction,100.0,jobs,100-equivalent-month-of-2019,index
2019-06,retail-trade,100.0,jobs,100-equivalent-month-of-2019,index
2019-06,accommodation-and-food-services,100.0,jobs,100-equivalent-month-of-2019,index
2019-06,information-media-and-telecommunications,100.0,jobs,100-equivalent-month-of-2019,index
2019-06,rental-hiring-and-real-estate-services,100.0,jobs,100-equivalent-month-of-2019,index
2019-06,professional-scientific-and-technical-services,100.0,jobs,100-equivalent-month-of-2019,index
2019-06,administrative-and-support-services,100.0,jobs,100-equivalent-month-of-2019,index
2019-06,other-services,100.0,jobs,100-equivalent-month-of-2019,index
2019-06,health-care-and-social-assistance,100.0,jobs,100-equivalent-month-of-2019,index
2019-07,manufacturing,100.0,jobs,100-equivalent-month-of-2019,index
2019-07,construction,100.0,jobs,100-equivalent-month-of-2019,index
2019-07,retail-trade,100.0,jobs,100-equivalent-month-of-2019,index
2019-07,accommodation-and-food-services,100.0,jobs,100-equivalent-month-of-2019,index
2019-07,information-media-and-telecommunications,100.0,jobs,100-equivalent-month-of-2019,index
2019-07,rental-hiring-and-real-estate-services,100.0,jobs,100-equivalent-month-of-2019,index
2019-07,professional-scientific-and-technical-services,100.0,jobs,100-equivalent-month-of-2019,index
2019-07,administrative-and-support-services,100.0,jobs,100-equivalent-month-of-2019,index
2019-07,other-services,100.0,jobs,100-equivalent-month-of-2019,index
2019-07,health-care-and-social-assistance,100.0,jobs,100-equivalent-month-of-2019,index
2019-08,manufacturing,100.0,jobs,100-equivalent-month-of-2019,index
2019-08,construction,100.0,jobs,100-equivalent-month-of-2019,index
2019-08,retail-trade,100.0,jobs,100-equivalent-month-of-2019,index
2019-08,accommodation-and-food-services,100.0,jobs,100-equivalent-month-of-2019,index
2019-08,information-media-and-telecommunications,100.0,jobs,100-equivalent-month-of-2019,index
2019-08,rental-hiring-and-real-estate-services,100.0,jobs,100-equivalent-month-of-2019,index
2019-08,professional-scientific-and-technical-services,100.0,jobs,100-equivalent-month-of-2019,index
2019-08,administrative-and-support-services,100.0,jobs,100-equivalent-month-of-2019,index
2019-08,other-services,100.0,jobs,100-equivalent-month-of-2019,index
2019-08,health-care-and-social-assistance,100.0,jobs,100-equivalent-month-of-2019,index
2019-09,manufacturing,100.0,jobs,100-equivalent-month-of-2019,index
2019-09,construction,100.0,jobs,100-equivalent-month-of-2019,index
2019-09,retail-trade,100.0,jobs,100-equivalent-month-of-2019,index
2019-09,accommodation-and-food-services,100.0,jobs,100-equivalent-month-of-2019,index
2019-09,information-media-and-telecommunications,100.0,jobs,100-equivalent-month-of-2019,index
2019-09,rental-hiring-and-real-estate-services,100.0,jobs,100-equivalent-month-of-2019,index
2019-09,professional-scientific-and-technical-services,100.0,jobs,100-equivalent-month-of-2019,index
2019-09,administrative-and-support-services,100.0,jobs,100-equivalent-month-of-2019,index
2019-09,other-services,100.0,jobs,100-equivalent-month-of-2019,index
2019-09,health-care-and-social-assistance,100.0,jobs,100-equivalent-month-of-2019,index
2019-10,manufacturing,100.0,jobs,100-equivalent-month-of-2019,index
2019-10,construction,100.0,jobs,100-equivalent-month-of-2019,index
2019-10,retail-trade,100.0,jobs,100-equivalent-month-of-2019,index
2019-10,accommodation-and-food-services,100.0,jobs,100-equivalent-month-of-2019,index
2019-10,information-media-and-telecommunications,100.0,jobs,100-equivalent-month-of-2019,index
2019-10,rental-hiring-and-real-estate-services,100.0,jobs,100-equivalent-month-of-2019,index
2019-10,professional-scientific-and-technical-services,100.0,jobs,100-equivalent-month-of-2019,index
2019-10,administrative-and-support-services,100.0,jobs,100-equivalent-month-of-2019,index
2019-10,other-services,100.0,jobs,100-equivalent-month-of-2019,index
2019-10,health-care-and-social-assistance,100.0,jobs,100-equivalent-month-of-2019,index
2019-11,manufacturing,100.0,jobs,100-equivalent-month-of-2019,index
2019-11,construction,100.0,jobs,100-equivalent-month-of-2019,index
2019-11,retail-trade,100.0,jobs,100-equivalent-month-of-2019,index
2019-11,accommodation-and-food-services,100.0,jobs,100-equivalent-month-of-2019,index
2019-11,information-media-and-telecommunications,100.0,jobs,100-equivalent-month-of-2019,index
2019-11,rental-hiring-and-real-estate-services,100.0,jobs,100-equivalent-month-of-2019,index
2019-11,professional-scientific-and-technical-services,100.0,jobs,100-equivalent-month-of-2019,index
2019-11,administrative-and-support-services,100.0,jobs,100-equivalent-month-of-2019,index
2019-11,other-services,100.0,jobs,100-equivalent-month-of-2019,index
2019-11,health-care-and-social-assistance,100.0,jobs,100-equivalent-month-of-2019,index
2019-12,manufacturing,100.0,jobs,100-equivalent-month-of-2019,index
2019-12,construction,100.0,jobs,100-equivalent-month-of-2019,index
2019-12,retail-trade,100.0,jobs,100-equivalent-month-of-2019,index
2019-12,accommodation-and-food-services,100.0,jobs,100-equivalent-month-of-2019,index
2019-12,information-media-and-telecommunications,100.0,jobs,100-equivalent-month-of-2019,index
2019-12,rental-hiring-and-real-estate-services,100.0,jobs,100-equivalent-month-of-2019,index
2019-12,professional-scientific-and-technical-services,100.0,jobs,100-equivalent-month-of-2019,index
2019-12,administrative-and-support-services,100.0,jobs,100-equivalent-month-of-2019,index
2019-12,other-services,100.0,jobs,100-equivalent-month-of-2019,index
2019-12,health-care-and-social-assistance,100.0,jobs,100-equivalent-month-of-2019,index
2020-01,manufacturing,107.4,jobs,100-equivalent-month-of-2019,index
2020-01,construction,99.5,jobs,100-equivalent-month-of-2019,index
2020-01,retail-trade,100.2,jobs,100-equivalent-month-of-2019,index
2020-01,accommodation-and-food-services,98.1,jobs,100-equivalent-month-of-2019,index
2020-01,information-media-and-telecommunications,110.9,jobs,100-equivalent-month-of-2019,index
2020-01,rental-hiring-and-real-estate-services,101.2,jobs,100-equivalent-month-of-2019,index
2020-01,professional-scientific-and-technical-services,105.0,jobs,100-equivalent-month-of-2019,index
2020-01,administrative-and-support-services,103.7,jobs,100-equivalent-month-of-2019,index
2020-01,other-services,101.9,jobs,100-equivalent-month-of-2019,index
2020-01,health-care-and-social-assistance,109.7,jobs,100-equivalent-month-of-2019,index
2020-02,manufacturing,105.6,jobs,100-equivalent-month-of-2019,index
2020-02,construction,97.2,jobs,100-equivalent-month-of-2019,index
2020-02,retail-trade,99.4,jobs,100-equivalent-month-of-2019,index
2020-02,accommodation-and-food-services,98.2,jobs,100-equivalent-month-of-2019,index
2020-02,information-media-and-telecommunications,110.4,jobs,100-equivalent-month-of-2019,index
2020-02,rental-hiring-and-real-estate-services,101.1,jobs,100-equivalent-month-of-2019,index
2020-02,professional-scientific-and-technical-services,104.6,jobs,100-equivalent-month-of-2019,index
2020-02,administrative-and-support-services,101.0,jobs,100-equivalent-month-of-2019,index
2020-02,other-services,101.2,jobs,100-equivalent-month-of-2019,index
2020-02,health-care-and-social-assistance,110.7,jobs,100-equivalent-month-of-2019,index
2020-03,manufacturing,99.8,jobs,100-equivalent-month-of-2019,index
2020-03,construction,97.4,jobs,100-equivalent-month-of-2019,index
2020-03,retail-trade,98.9,jobs,100-equivalent-month-of-2019,index
2020-03,accommodation-and-food-services,87.1,jobs,100-equivalent-month-of-2019,index
2020-03,information-media-and-telecommunications,110.7,jobs,100-equivalent-month-of-2019,index
2020-03,rental-hiring-and-real-estate-services,94.8,jobs,100-equivalent-month-of-2019,index
2020-03,professional-scientific-and-technical-services,102.1,jobs,100-equivalent-month-of-2019,index
2020-03,administrative-and-support-services,95.9,jobs,100-equivalent-month-of-2019,index
2020-03,other-services,93.0,jobs,100-equivalent-month-of-2019,index
2020-03,health-care-and-social-assistance,101.0,jobs,100-equivalent-month-of-2019,index
2020-04,manufacturing,82.3,jobs,100-equivalent-month-of-2019,index
2020-04,construction,73.8,jobs,100-equivalent-month-of-2019,index
2020-04,retail-trade,76.9,jobs,100-equivalent-month-of-2019,index
2020-04,accommodation-and-food-services,44.5,jobs,100-equivalent-month-of-2019,index
2020-04,information-media-and-telecommunications,100.7,jobs,100-equivalent-month-of-2019,index
2020-04,rental-hiring-and-real-estate-services,66.4,jobs,100-equivalent-month-of-2019,index
2020-04,professional-scientific-and-technical-services,90.4,jobs,100-equivalent-month-of-2019,index
2020-04,administrative-and-support-services,66.4,jobs,100-equivalent-month-of-2019,index
2020-04,other-services,75.4,jobs,100-equivalent-month-of-2019,index
2020-04,health-care-and-social-assistance,80.0,jobs,100-equivalent-month-of-2019,index
2020-05,manufacturing,79.0,jobs,100-equivalent-month-of-2019,index
2020-05,construction,73.9,jobs,100-equivalent-month-of-2019,index
2020-05,retail-trade,78.1,jobs,100-equivalent-month-of-2019,index
2020-05,accommodation-and-food-services,36.9,jobs,100-equivalent-month-of-2019,index
2020-05,information-media-and-telecommunications,97.8,jobs,100-equivalent-month-of-2019,index
2020-05,rental-hiring-and-real-estate-services,62.6,jobs,100-equivalent-month-of-2019,index
2020-05,professional-scientific-and-technical-services,88.0,jobs,100-equivalent-month-of-2019,index
2020-05,administrative-and-support-services,74.5,jobs,100-equivalent-month-of-2019,index
2020-05,other-services,69.7,jobs,100-equivalent-month-of-2019,index
2020-05,health-care-and-social-assistance,72.3,jobs,100-equivalent-month-of-2019,index
2020-06,manufacturing,83.3,jobs,100-equivalent-month-of-2019,index
2020-06,construction,82.0,jobs,100-equivalent-month-of-2019,index
2020-06,retail-trade,83.4,jobs,100-equivalent-month-of-2019,index
2020-06,accommodation-and-food-services,49.3,jobs,100-equivalent-month-of-2019,index
2020-06,information-media-and-telecommunications,96.2,jobs,100-equivalent-month-of-2019,index
2020-06,rental-hiring-and-real-estate-services,74.9,jobs,100-equivalent-month-of-2019,index
2020-06,professional-scientific-and-technical-services,88.5,jobs,100-equivalent-month-of-2019,index
2020-06,administrative-and-support-services,76.7,jobs,100-equivalent-month-of-2019,index
2020-06,other-services,79.4,jobs,100-equivalent-month-of-2019,index
2020-06,health-care-and-social-assistance,81.9,jobs,100-equivalent-month-of-2019,index
2020-07,manufacturing,91.3,jobs,100-equivalent-month-of-2019,index
2020-07,construction,92.3,jobs,100-equivalent-month-of-2019,index
2020-07,retail-trade,92.7,jobs,100-equivalent-month-of-2019,index
2020-07,accommodation-and-food-services,69.9,jobs,100-equivalent-month-of-2019,index
2020-07,information-media-and-telecommunications,106.7,jobs,100-equivalent-month-of-2019,index
2020-07,rental-hiring-and-real-estate-services,83.8,jobs,100-equivalent-month-of-2019,index
2020-07,professional-scientific-and-technical-services,95.9,jobs,100-equivalent-month-of-2019,index
2020-07,administrative-and-support-services,91.6,jobs,100-equivalent-month-of-2019,index
2020-07,other-services,89.9,jobs,100-equivalent-month-of-2019,index
2020-07,health-care-and-social-assistance,92.0,jobs,100-equivalent-month-of-2019,index
2020-08,manufacturing,92.0,jobs,100-equivalent-month-of-2019,index
2020-08,construction,92.4,jobs,100-equivalent-month-of-2019,index
2020-08,retail-trade,93.4,jobs,100-equivalent-month-of-2019,index
2020-08,accommodation-and-food-services,74.5,jobs,100-equivalent-month-of-2019,index
2020-08,information-media-and-telecommunications,105.9,jobs,100-equivalent-month-of-2019,index
2020-08,rental-hiring-and-real-estate-services,87.2,jobs,100-equivalent-month-of-2019,index
2020-08,professional-scientific-and-technical-services,96.7,jobs,100-equivalent-month-of-2019,index
2020-08,administrative-and-support-services,86.5,jobs,100-equivalent-month-of-2019,index
2020-08,other-services,92.0,jobs,100-equivalent-month-of-2019,index
2020-08,health-care-and-social-assistance,92.7,jobs,100-equivalent-month-of-2019,index
2020-09,manufacturing,90.4,jobs,100-equivalent-month-of-2019,index
2020-09,construction,93.2,jobs,100-equivalent-month-of-2019,index
2020-09,retail-trade,93.2,jobs,100-equivalent-month-of-2019,index
2020-09,accommodation-and-food-services,73.1,jobs,100-equivalent-month-of-2019,index
2020-09,information-media-and-telecommunications,103.1,jobs,100-equivalent-month-of-2019,index
2020-09,rental-hiring-and-real-estate-services,86.7,jobs,100-equivalent-month-of-2019,index
2020-09,professional-scientific-and-technical-services,96.6,jobs,100-equivalent-month-of-2019,index
2020-09,administrative-and-support-services,88.3,jobs,100-equivalent-month-of-2019,index
2020-09,other-services,88.7,jobs,100-equivalent-month-of-2019,index
2020-09,health-care-and-social-assistance,95.3,jobs,100-equivalent-month-of-2019,index
2020-10,manufacturing,91.7,jobs,100-equivalent-month-of-2019,index
2020-10,construction,96.6,jobs,100-equivalent-month-of-2019,index
2020-10,retail-trade,100.0,jobs,100-equivalent-month-of-2019,index
2020-10,accommodation-and-food-services,74.3,jobs,100-equivalent-month-of-2019,index
2020-10,information-media-and-telecommunications,105.4,jobs,100-equivalent-month-of-2019,index
2020-10,rental-hiring-and-real-estate-services,88.6,jobs,100-equivalent-month-of-2019,index
2020-10,professional-scientific-and-technical-services,98.1,jobs,100-equivalent-month-of-2019,index
2020-10,administrative-and-support-services,89.8,jobs,100-equivalent-month-of-2019,index
2020-10,other-services,89.8,jobs,100-equivalent-month-of-2019,index
2020-10,health-care-and-social-assistance,94.3,jobs,100-equivalent-month-of-2019,index
2020-11,manufacturing,89.1,jobs,100-equivalent-month-of-2019,index
2020-11,construction,95.3,jobs,100-equivalent-month-of-2019,index
2020-11,retail-trade,99.4,jobs,100-equivalent-month-of-2019,index
2020-11,accommodation-and-food-services,68.9,jobs,100-equivalent-month-of-2019,index
2020-11,information-media-and-telecommunications,104.1,jobs,100-equivalent-month-of-2019,index
2020-11,rental-hiring-and-real-estate-services,84.9,jobs,100-equivalent-month-of-2019,index
2020-11,professional-scientific-and-technical-services,96.8,jobs,100-equivalent-month-of-2019,index
2020-11,administrative-and-support-services,89.8,jobs,100-equivalent-month-of-2019,index
2020-11,other-services,85.7,jobs,100-equivalent-month-of-2019,index
2020-11,health-care-and-social-assistance,96.3,jobs,100-equivalent-month-of-2019,index
2020-12,manufacturing,89.1,jobs,100-equivalent-month-of-2019,index
2020-12,construction,94.7,jobs,100-equivalent-month-of-2019,index
2020-12,retail-trade,99.1,jobs,100-equivalent-month-of-2019,index
2020-12,accommodation-and-food-services,67.1,jobs,100-equivalent-month-of-2019,index
2020-12,information-media-and-telecommunications,104.5,jobs,100-equivalent-month-of-2019,index
2020-12,rental-hiring-and-real-estate-services,85.6,jobs,100-equivalent-month-of-2019,index
2020-12,professional-scientific-and-technical-services,97.5,jobs,100-equivalent-month-of-2019,index
2020-12,administrative-and-support-services,88.9,jobs,100-equivalent-month-of-2019,index
2020-12,other-services,87.7,jobs,100-equivalent-month-of-2019,index
2020-12,health-care-and-social-assistance,96.1,jobs,100-equivalent-month-of-2019,index
2021-01,manufacturing,96.5526,jobs,100-equivalent-month-of-2019,index
2021-01,construction,97.2115,jobs,100-equivalent-month-of-2019,index
2021-01,retail-trade,99.4986,jobs,100-equivalent-month-of-2019,index
2021-01,accommodation-and-food-services,59.3505,jobs,100-equivalent-month-of-2019,index
2021-01,information-media-and-telecommunications,114.227,jobs,100-equivalent-month-of-2019,index
2021-01,rental-hiring-and-real-estate-services,91.3836,jobs,100-equivalent-month-of-2019,index
2021-01,professional-scientific-and-technical-services,104.16,jobs,100-equivalent-month-of-2019,index
2021-01,administrative-and-support-services,90.3227,jobs,100-equivalent-month-of-2019,index
2021-01,other-services,91.2005,jobs,100-equivalent-month-of-2019,index
2021-01,health-care-and-social-assistance,107.2866,jobs,100-equivalent-month-of-2019,index
2021-02,manufacturing,95.4624,jobs,100-equivalent-month-of-2019,index
2021-02,construction,93.7008,jobs,100-equivalent-month-of-2019,index
2021-02,retail-trade,97.3126,jobs,100-equivalent-month-of-2019,index
2021-02,accommodation-and-food-services,57.447,jobs,100-equivalent-month-of-2019,index
2021-02,information-media-and-telecommunications,114.0432,jobs,100-equivalent-month-of-2019,index
2021-02,rental-hiring-and-real-estate-services,88.6647,jobs,100-equivalent-month-of-2019,index
2021-02,professional-scientific-and-technical-services,101.985,jobs,100-equivalent-month-of-2019,index
2021-02,administrative-and-support-services,86.355,jobs,100-equivalent-month-of-2019,index
2021-02,other-services,87.4368,jobs,100-equivalent-month-of-2019,index
2021-02,health-care-and-social-assistance,104.5008,jobs,100-equivalent-month-of-2019,index
2021-03,manufacturing,93.2132,jobs,100-equivalent-month-of-2019,index
2021-03,construction,95.6468,jobs,100-equivalent-month-of-2019,index
2021-03,retail-trade,96.922,jobs,100-equivalent-month-of-2019,index
2021-03,accommodation-and-food-services,57.3118,jobs,100-equivalent-month-of-2019,index
2021-03,information-media-and-telecommunications,115.128,jobs,100-equivalent-month-of-2019,index
2021-03,rental-hiring-and-real-estate-services,87.7848,jobs,100-equivalent-month-of-2019,index
2021-03,professional-scientific-and-technical-services,100.9769,jobs,100-equivalent-month-of-2019,index
2021-03,administrative-and-support-services,85.6387,jobs,100-equivalent-month-of-2019,index
2021-03,other-services,85.467,jobs,100-equivalent-month-of-2019,index
2021-03,health-care-and-social-assistance,104.232,jobs,100-equivalent-month-of-2019,index
2021-04,manufacturing,96.2087,jobs,100-equivalent-month-of-2019,index
2021-04,construction,92.25,jobs,100-equivalent-month-of-2019,index
2021-04,retail-trade,96.2788,jobs,100-equivalent-month-of-2019,index
2021-04,accommodation-and-food-services,62.1665,jobs,100-equivalent-month-of-2019,index
2021-04,information-media-and-telecommunications,117.7183,jobs,100-equivalent-month-of-2019,index
2021-04,rental-hiring-and-real-estate-services,77.5552,jobs,100-equivalent-month-of-2019,index
2021-04,professional-scientific-and-technical-services,101.7,jobs,100-equivalent-month-of-2019,index
2021-04,administrative-and-support-services,84.3944,jobs,100-equivalent-month-of-2019,index
2021-04,other-services,87.087,jobs,100-equivalent-month-of-2019,index
2021-04,health-care-and-social-assistance,96.56,jobs,100-equivalent-month-of-2019,index
2021-05,manufacturing,95.195,jobs,100-equivalent-month-of-2019,index
2021-05,construction,93.4835,jobs,100-equivalent-month-of-2019,index
2021-05,retail-trade,101.6862,jobs,100-equivalent-month-of-2019,index
2021-05,accommodation-and-food-services,65.7558,jobs,100-equivalent-month-of-2019,index
2021-05,information-media-and-telecommunications,119.4138,jobs,100-equivalent-month-of-2019,index
2021-05,rental-hiring-and-real-estate-services,81.1296,jobs,100-equivalent-month-of-2019,index
2021-05,professional-scientific-and-technical-services,103.664,jobs,100-equivalent-month-of-2019,index
2021-05,administrative-and-support-services,99.532,jobs,100-equivalent-month-of-2019,index
2021-05,other-services,88.4493,jobs,100-equivalent-month-of-2019,index
2021-05,health-care-and-social-assistance,94.9299,jobs,100-equivalent-month-of-2019,index
2021-06,manufacturing,97.2111,jobs,100-equivalent-month-of-2019,index
2021-06,construction,94.464,jobs,100-equivalent-month-of-2019,index
2021-06,retail-trade,100.1634,jobs,100-equivalent-month-of-2019,index
2021-06,accommodation-and-food-services,76.1685,jobs,100-equivalent-month-of-2019,index
2021-06,information-media-and-telecommunications,115.44,jobs,100-equivalent-month-of-2019,index
2021-06,rental-hiring-and-real-estate-services,91.3031,jobs,100-equivalent-month-of-2019,index
2021-06,professional-scientific-and-technical-services,104.1645,jobs,100-equivalent-month-of-2019,index
2021-06,administrative-and-support-services,99.0964,jobs,100-equivalent-month-of-2019,index
2021-06,other-services,93.6126,jobs,100-equivalent-month-of-2019,index
2021-06,health-care-and-social-assistance,101.6379,jobs,100-equivalent-month-of-2019,index
2021-07,manufacturing,100.1561,jobs,100-equivalent-month-of-2019,index
2021-07,construction,99.2225,jobs,100-equivalent-month-of-2019,index
2021-07,retail-trade,101.3211,jobs,100-equivalent-month-of-2019,index
2021-07,accommodation-and-food-services,82.482,jobs,100-equivalent-month-of-2019,index
2021-07,information-media-and-telecommunications,122.8117,jobs,100-equivalent-month-of-2019,index
2021-07,rental-hiring-and-real-estate-services,93.6884,jobs,100-equivalent-month-of-2019,index
2021-07,professional-scientific-and-technical-services,105.8736,jobs,100-equivalent-month-of-2019,index
2021-07,administrative-and-support-services,104.6072,jobs,100-equivalent-month-of-2019,index
2021-07,other-services,96.4627,jobs,100-equivalent-month-of-2019,index
2021-07,health-care-and-social-assistance,105.708,jobs,100-equivalent-month-of-2019,index
2021-08,manufacturing,98.256,jobs,100-equivalent-month-of-2019,index
2021-08,construction,95.4492,jobs,100-equivalent-month-of-2019,index
2021-08,retail-trade,99.5644,jobs,100-equivalent-month-of-2019,index
2021-08,accommodation-and-food-services,83.142,jobs,100-equivalent-month-of-2019,index
2021-08,information-media-and-telecommunications,124.7502,jobs,100-equivalent-month-of-2019,index
2021-08,rental-hiring-and-real-estate-services,94.0016,jobs,100-equivalent-month-of-2019,index
2021-08,professional-scientific-and-technical-services,104.436,jobs,100-equivalent-month-of-2019,index
2021-08,administrative-and-support-services,95.2365,jobs,100-equivalent-month-of-2019,index
2021-08,other-services,97.428,jobs,100-equivalent-month-of-2019,index
2021-08,health-care-and-social-assistance,102.1554,jobs,100-equivalent-month-of-2019,index
2021-09,manufacturing,94.7392,jobs,100-equivalent-month-of-2019,index
2021-09,construction,96.7416,jobs,100-equivalent-month-of-2019,index
2021-09,retail-trade,100.0968,jobs,100-equivalent-month-of-2019,index
2021-09,accommodation-and-food-services,83.8457,jobs,100-equivalent-month-of-2019,index
2021-09,information-media-and-telecommunications,122.1735,jobs,100-equivalent-month-of-2019,index
2021-09,rental-hiring-and-real-estate-services,89.9079,jobs,100-equivalent-month-of-2019,index
2021-09,professional-scientific-and-technical-services,105.4872,jobs,100-equivalent-month-of-2019,index
2021-09,administrative-and-support-services,97.13,jobs,100-equivalent-month-of-2019,index
2021-09,other-services,94.6429,jobs,100-equivalent-month-of-2019,index
2021-09,health-care-and-social-assistance,97.4919,jobs,100-equivalent-month-of-2019,index
2021-10,manufacturing,98.119,jobs,100-equivalent-month-of-2019,index
2021-10,construction,98.3388,jobs,100-equivalent-month-of-2019,index
2021-10,retail-trade,103.9,jobs,100-equivalent-month-of-2019,index
2021-10,accommodation-and-food-services,85.2221,jobs,100-equivalent-month-of-2019,index
2021-10,information-media-and-telecommunications,124.5828,jobs,100-equivalent-month-of-2019,index
2021-10,rental-hiring-and-real-estate-services,91.5238,jobs,100-equivalent-month-of-2019,index
2021-10,professional-scientific-and-technical-services,105.0651,jobs,100-equivalent-month-of-2019,index
2021-10,administrative-and-support-services,98.1514,jobs,100-equivalent-month-of-2019,index
2021-10,other-services,93.392,jobs,100-equivalent-month-of-2019,index
2021-10,health-care-and-social-assistance,97.0347,jobs,100-equivalent-month-of-2019,index
2021-11,manufacturing,92.2185,jobs,100-equivalent-month-of-2019,index
2021-11,construction,94.1564,jobs,100-equivalent-month-of-2019,index
2021-11,retail-trade,101.5868,jobs,100-equivalent-month-of-2019,index
2021-11,accommodation-and-food-services,83.4379,jobs,100-equivalent-month-of-2019,index
2021-11,information-media-and-telecommunications,120.6519,jobs,100-equivalent-month-of-2019,index
2021-11,rental-hiring-and-real-estate-services,88.7205,jobs,100-equivalent-month-of-2019,index
2021-11,professional-scientific-and-technical-services,103.1888,jobs,100-equivalent-month-of-2019,index
2021-11,administrative-and-support-services,101.2944,jobs,100-equivalent-month-of-2019,index
2021-11,other-services,88.271,jobs,100-equivalent-month-of-2019,index
2021-11,health-care-and-social-assistance,97.9371,jobs,100-equivalent-month-of-2019,index
2021-12,manufacturing,90.7038,jobs,100-equivalent-month-of-2019,index
2021-12,construction,92.806,jobs,100-equivalent-month-of-2019,index
2021-12,retail-trade,100.5865,jobs,100-equivalent-month-of-2019,index
2021-12,accommodation-and-food-services,81.9291,jobs,100-equivalent-month-of-2019,index
2021-12,information-media-and-telecommunications,117.249,jobs,100-equivalent-month-of-2019,index
2021-12,rental-hiring-and-real-estate-services,89.1952,jobs,100-equivalent-month-of-2019,index
2021-12,professional-scientific-and-technical-services,102.18,jobs,100-equivalent-month-of-2019,index
2021-12,administrative-and-support-services,96.012,jobs,100-equivalent-month-of-2019,index
2021-12,other-services,89.1032,jobs,100-equivalent-month-of-2019,index
2021-12,health-care-and-social-assistance,94.4663,jobs,100-equivalent-month-of-2019,index
2022-01,manufacturing,96.1663896,jobs,100-equivalent-month-of-2019,index
2022-01,construction,93.2258285,jobs,100-equivalent-month-of-2019,index
2022-01,retail-trade,100.991079,jobs,100-equivalent-month-of-2019,index
2022-01,accommodation-and-food-services,78.34266,jobs,100-equivalent-month-of-2019,index
2022-01,information-media-and-telecommunications,124.50743,jobs,100-equivalent-month-of-2019,index
2022-01,rental-hiring-and-real-estate-services,93.7595736,jobs,100-equivalent-month-of-2019,index
2022-01,professional-scientific-and-technical-services,107.8056,jobs,100-equivalent-month-of-2019,index
2022-01,administrative-and-support-services,97.4581933,jobs,100-equivalent-month-of-2019,index
2022-01,other-services,90.835698,jobs,100-equivalent-month-of-2019,index
2022-01,health-care-and-social-assistance,105.4627278,jobs,100-equivalent-month-of-2019,index
2022-02,manufacturing,92.8849152,jobs,100-equivalent-month-of-2019,index
2022-02,construction,88.547256,jobs,100-equivalent-month-of-2019,index
2022-02,retail-trade,97.6045378,jobs,100-equivalent-month-of-2019,index
2022-02,accommodation-and-food-services,79.161966,jobs,100-equivalent-month-of-2019,index
2022-02,information-media-and-telecommunications,122.8245264,jobs,100-equivalent-month-of-2019,index
2022-02,rental-hiring-and-real-estate-services,90.437994,jobs,100-equivalent-month-of-2019,index
2022-02,professional-scientific-and-technical-services,103.82073,jobs,100-equivalent-month-of-2019,index
2022-02,administrative-and-support-services,90.413685,jobs,100-equivalent-month-of-2019,index
2022-02,other-services,87.9614208,jobs,100-equivalent-month-of-2019,index
2022-02,health-care-and-social-assistance,100.7387712,jobs,100-equivalent-month-of-2019,index
2022-03,manufacturing,89.1118192,jobs,100-equivalent-month-of-2019,index
2022-03,construction,87.8037624,jobs,100-equivalent-month-of-2019,index
2022-03,retail-trade,95.274326,jobs,100-equivalent-month-of-2019,index
2022-03,accommodation-and-food-services,77.8867362,jobs,100-equivalent-month-of-2019,index
2022-03,information-media-and-telecommunications,122.150808,jobs,100-equivalent-month-of-2019,index
2022-03,rental-hiring-and-real-estate-services,89.6282808,jobs,100-equivalent-month-of-2019,index
2022-03,professional-scientific-and-technical-services,101.2798307,jobs,100-equivalent-month-of-2019,index
2022-03,administrative-and-support-services,86.8376418,jobs,100-equivalent-month-of-2019,index
2022-03,other-services,81.962853,jobs,100-equivalent-month-of-2019,index
2022-03,health-care-and-social-assistance,94.955352,jobs,100-equivalent-month-of-2019,index
2022-04,manufacturing,88.2233779,jobs,100-equivalent-month-of-2019,index
2022-04,construction,82.37925,jobs,100-equivalent-month-of-2019,index
2022-04,retail-trade,88.6727748,jobs,100-equivalent-month-of-2019,index
2022-04,accommodation-and-food-services,72.0509735,jobs,100-equivalent-month-of-2019,index
2022-04,information-media-and-telecommunications,117.3651451,jobs,100-equivalent-month-of-2019,index
2022-04,rental-hiring-and-real-estate-services,73.9101056,jobs,100-equivalent-month-of-2019,index
2022-04,professional-scientific-and-technical-services,97.632,jobs,100-equivalent-month-of-2019,index
2022-04,administrative-and-support-services,81.5249904,jobs,100-equivalent-month-of-2019,index
2022-04,other-services,81.426345,jobs,100-equivalent-month-of-2019,index
2022-04,health-care-and-social-assistance,89.70424,jobs,100-equivalent-month-of-2019,index
2022-05,manufacturing,87.00823,jobs,100-equivalent-month-of-2019,index
2022-05,construction,83.4807655,jobs,100-equivalent-month-of-2019,index
2022-05,retail-trade,92.534442,jobs,100-equivalent-month-of-2019,index
2022-05,accommodation-and-food-services,64.7037072,jobs,100-equivalent-month-of-2019,index
2022-05,information-media-and-telecommunications,119.4138,jobs,100-equivalent-month-of-2019,index
2022-05,rental-hiring-and-real-estate-services,74.233584,jobs,100-equivalent-month-of-2019,index
2022-05,professional-scientific-and-technical-services,100.55408,jobs,100-equivalent-month-of-2019,index
2022-05,administrative-and-support-services,97.0437,jobs,100-equivalent-month-of-2019,index
2022-05,other-services,81.2849067,jobs,100-equivalent-month-of-2019,index
2022-05,health-care-and-social-assistance,88.4746668,jobs,100-equivalent-month-of-2019,index
2022-06,manufacturing,90.1146897,jobs,100-equivalent-month-of-2019,index
2022-06,construction,85.773312,jobs,100-equivalent-month-of-2019,index
2022-06,retail-trade,91.649511,jobs,100-equivalent-month-of-2019,index
2022-06,accommodation-and-food-services,72.207738,jobs,100-equivalent-month-of-2019,index
2022-06,information-media-and-telecommunications,117.51792,jobs,100-equivalent-month-of-2019,index
2022-06,rental-hiring-and-real-estate-services,85.6423078,jobs,100-equivalent-month-of-2019,index
2022-06,professional-scientific-and-technical-services,101.9770455,jobs,100-equivalent-month-of-2019,index
2022-06,administrative-and-support-services,97.2135684,jobs,100-equivalent-month-of-2019,index
2022-06,other-services,87.4341684,jobs,100-equivalent-month-of-2019,index
2022-06,health-care-and-social-assistance,95.9461776,jobs,100-equivalent-month-of-2019,index
2022-07,manufacturing,92.0434559,jobs,100-equivalent-month-of-2019,index
2022-07,construction,91.2847,jobs,100-equivalent-month-of-2019,index
2022-07,retail-trade,93.5193753,jobs,100-equivalent-month-of-2019,index
2022-07,accommodation-and-food-services,76.955706,jobs,100-equivalent-month-of-2019,index
2022-07,information-media-and-telecommunications,122.6888883,jobs,100-equivalent-month-of-2019,index
2022-07,rental-hiring-and-real-estate-services,89.6597988,jobs,100-equivalent-month-of-2019,index
2022-07,professional-scientific-and-technical-services,104.3913696,jobs,100-equivalent-month-of-2019,index
2022-07,administrative-and-support-services,102.8288776,jobs,100-equivalent-month-of-2019,index
2022-07,other-services,90.2890872,jobs,100-equivalent-month-of-2019,index
2022-07,health-care-and-social-assistance,103.382424,jobs,100-equivalent-month-of-2019,index
2022-08,manufacturing,90.199008,jobs,100-equivalent-month-of-2019,index
2022-08,construction,87.0496704,jobs,100-equivalent-month-of-2019,index
2022-08,retail-trade,90.8027328,jobs,100-equivalent-month-of-2019,index
2022-08,accommodation-and-food-services,76.241214,jobs,100-equivalent-month-of-2019,index
2022-08,information-media-and-telecommunications,124.8749502,jobs,100-equivalent-month-of-2019,index
2022-08,rental-hiring-and-real-estate-services,85.3534528,jobs,100-equivalent-month-of-2019,index
2022-08,professional-scientific-and-technical-services,102.765024,jobs,100-equivalent-month-of-2019,index
2022-08,administrative-and-support-services,92.760351,jobs,100-equivalent-month-of-2019,index
2022-08,other-services,89.244048,jobs,100-equivalent-month-of-2019,index
2022-08,health-care-and-social-assistance,99.2950488,jobs,100-equivalent-month-of-2019,index
2022-09,manufacturing,87.4442816,jobs,100-equivalent-month-of-2019,index
2022-09,construction,89.2924968,jobs,100-equivalent-month-of-2019,index
2022-09,retail-trade,91.588572,jobs,100-equivalent-month-of-2019,index
2022-09,accommodation-and-food-services,75.46113,jobs,100-equivalent-month-of-2019,index
2022-09,information-media-and-telecommunications,122.906541,jobs,100-equivalent-month-of-2019,index
2022-09,rental-hiring-and-real-estate-services,84.4235181,jobs,100-equivalent-month-of-2019,index
2022-09,professional-scientific-and-technical-services,104.7487896,jobs,100-equivalent-month-of-2019,index
2022-09,administrative-and-support-services,93.92471,jobs,100-equivalent-month-of-2019,index
2022-09,other-services,87.3553967,jobs,100-equivalent-month-of-2019,index
2022-09,health-care-and-social-assistance,95.3470782,jobs,100-equivalent-month-of-2019,index
2022-10,manufacturing,91.25067,jobs,100-equivalent-month-of-2019,index
2022-10,construction,90.8650512,jobs,100-equivalent-month-of-2019,index
2022-10,retail-trade,96.4192,jobs,100-equivalent-month-of-2019,index
2022-10,accommodation-and-food-services,76.8703342,jobs,100-equivalent-month-of-2019,index
2022-10,information-media-and-telecommunications,123.2123892,jobs,100-equivalent-month-of-2019,index
2022-10,rental-hiring-and-real-estate-services,83.3781818,jobs,100-equivalent-month-of-2019,index
2022-10,professional-scientific-and-technical-services,104.7499047,jobs,100-equivalent-month-of-2019,index
2022-10,administrative-and-support-services,94.5197982,jobs,100-equivalent-month-of-2019,index
2022-10,other-services,88.162048,jobs,100-equivalent-month-of-2019,index
2022-10,health-care-and-social-assistance,91.0185486,jobs,100-equivalent-month-of-2019,index
2022-11,manufacturing,85.025457,jobs,100-equivalent-month-of-2019,index
2022-11,construction,87.09467,jobs,100-equivalent-month-of-2019,index
2022-11,retail-trade,94.475724,jobs,100-equivalent-month-of-2019,index
2022-11,accommodation-and-food-services,74.6769205,jobs,100-equivalent-month-of-2019,index
2022-11,information-media-and-telecommunications,123.064938,jobs,100-equivalent-month-of-2019,index
2022-11,rental-hiring-and-real-estate-services,80.2920525,jobs,100-equivalent-month-of-2019,index
2022-11,professional-scientific-and-technical-services,102.9824224,jobs,100-equivalent-month-of-2019,index
2022-11,administrative-and-support-services,99.268512,jobs,100-equivalent-month-of-2019,index
2022-11,other-services,82.886469,jobs,100-equivalent-month-of-2019,index
2022-11,health-care-and-social-assistance,93.4319934,jobs,100-equivalent-month-of-2019,index
2019-01,manufacturing,100.0,sales,100-equivalent-month-of-2019,index
2019-01,construction,100.0,sales,100-equivalent-month-of-2019,index
2019-01,retail-trade,100.0,sales,100-equivalent-month-of-2019,index
2019-01,accommodation-and-food-services,100.0,sales,100-equivalent-month-of-2019,index
2019-01,information-media-and-telecommunications,100.0,sales,100-equivalent-month-of-2019,index
2019-01,rental-hiring-and-real-estate-services,100.0,sales,100-equivalent-month-of-2019,index
2019-01,professional-scientific-and-technical-services,100.0,sales,100-equivalent-month-of-2019,index
2019-01,administrative-and-support-services,100.0,sales,100-equivalent-month-of-2019,index
2019-01,other-services,100.0,sales,100-equivalent-month-of-2019,index
2019-01,health-care-and-social-assistance,100.0,sales,100-equivalent-month-of-2019,index
2019-02,manufacturing,100.0,sales,100-equivalent-month-of-2019,index
2019-02,construction,100.0,sales,100-equivalent-month-of-2019,index
2019-02,retail-trade,100.0,sales,100-equivalent-month-of-2019,index
2019-02,accommodation-and-food-services,100.0,sales,100-equivalent-month-of-2019,index
2019-02,information-media-and-telecommunications,100.0,sales,100-equivalent-month-of-2019,index
2019-02,rental-hiring-and-real-estate-services,100.0,sales,100-equivalent-month-of-2019,index
2019-02,professional-scientific-and-technical-services,100.0,sales,100-equivalent-month-of-2019,index
2019-02,administrative-and-support-services,100.0,sales,100-equivalent-month-of-2019,index
2019-02,other-services,100.0,sales,100-equivalent-month-of-2019,index
2019-02,health-care-and-social-assistance,100.0,sales,100-equivalent-month-of-2019,index
2019-03,manufacturing,100.0,sales,100-equivalent-month-of-2019,index
2019-03,construction,100.0,sales,100-equivalent-month-of-2019,index
2019-03,retail-trade,100.0,sales,100-equivalent-month-of-2019,index
2019-03,accommodation-and-food-services,100.0,sales,100-equivalent-month-of-2019,index
2019-03,information-media-and-telecommunications,100.0,sales,100-equivalent-month-of-2019,index
2019-03,rental-hiring-and-real-estate-services,100.0,sales,100-equivalent-month-of-2019,index
2019-03,professional-scientific-and-technical-services,100.0,sales,100-equivalent-month-of-2019,index
2019-03,administrative-and-support-services,100.0,sales,100-equivalent-month-of-2019,index
2019-03,other-services,100.0,sales,100-equivalent-month-of-2019,index
2019-03,health-care-and-social-assistance,100.0,sales,100-equivalent-month-of-2019,index
2019-04,manufacturing,100.0,sales,100-equivalent-month-of-2019,index
2019-04,construction,100.0,sales,100-equivalent-month-of-2019,index
2019-04,retail-trade,100.0,sales,100-equivalent-month-of-2019,index
2019-04,accommodation-and-food-services,100.0,sales,100-equivalent-month-of-2019,index
2019-04,information-media-and-telecommunications,100.0,sales,100-equivalent-month-of-2019,index
2019-04,rental-hiring-and-real-estate-services,100.0,sales,100-equivalent-month-of-2019,index
2019-04,professional-scientific-and-technical-services,100.0,sales,100-equivalent-month-of-2019,index
2019-04,administrative-and-support-services,100.0,sales,100-equivalent-month-of-2019,index
2019-04,other-services,100.0,sales,100-equivalent-month-of-2019,index
2019-04,health-care-and-social-assistance,100.0,sales,100-equivalent-month-of-2019,index
2019-05,manufacturing,100.0,sales,100-equivalent-month-of-2019,index
2019-05,construction,100.0,sales,100-equivalent-month-of-2019,index
2019-05,retail-trade,100.0,sales,100-equivalent-month-of-2019,index
2019-05,accommodation-and-food-services,100.0,sales,100-equivalent-month-of-2019,index
2019-05,information-media-and-telecommunications,100.0,sales,100-equivalent-month-of-2019,index
2019-05,rental-hiring-and-real-estate-services,100.0,sales,100-equivalent-month-of-2019,index
2019-05,professional-scientific-and-technical-services,100.0,sales,100-equivalent-month-of-2019,index
2019-05,administrative-and-support-services,100.0,sales,100-equivalent-month-of-2019,index
2019-05,other-services,100.0,sales,100-equivalent-month-of-2019,index
2019-05,health-care-and-social-assistance,100.0,sales,100-equivalent-month-of-2019,index
2019-06,manufacturing,100.0,sales,100-equivalent-month-of-2019,index
2019-06,construction,100.0,sales,100-equivalent-month-of-2019,index
2019-06,retail-trade,100.0,sales,100-equivalent-month-of-2019,index
2019-06,accommodation-and-food-services,100.0,sales,100-equivalent-month-of-2019,index
2019-06,information-media-and-telecommunications,100.0,sales,100-equivalent-month-of-2019,index
2019-06,rental-hiring-and-real-estate-services,100.0,sales,100-equivalent-month-of-2019,index
2019-06,professional-scientific-and-technical-services,100.0,sales,100-equivalent-month-of-2019,index
2019-06,administrative-and-support-services,100.0,sales,100-equivalent-month-of-2019,index
2019-06,other-services,100.0,sales,100-equivalent-month-of-2019,index
2019-06,health-care-and-social-assistance,100.0,sales,100-equivalent-month-of-2019,index
2019-07,manufacturing,100.0,sales,100-equivalent-month-of-2019,index
2019-07,construction,100.0,sales,100-equivalent-month-of-2019,index
2019-07,retail-trade,100.0,sales,100-equivalent-month-of-2019,index
2019-07,accommodation-and-food-services,100.0,sales,100-equivalent-month-of-2019,index
2019-07,information-media-and-telecommunications,100.0,sales,100-equivalent-month-of-2019,index
2019-07,rental-hiring-and-real-estate-services,100.0,sales,100-equivalent-month-of-2019,index
2019-07,professional-scientific-and-technical-services,100.0,sales,100-equivalent-month-of-2019,index
2019-07,administrative-and-support-services,100.0,sales,100-equivalent-month-of-2019,index
2019-07,other-services,100.0,sales,100-equivalent-month-of-2019,index
2019-07,health-care-and-social-assistance,100.0,sales,100-equivalent-month-of-2019,index
2019-08,manufacturing,100.0,sales,100-equivalent-month-of-2019,index
2019-08,construction,100.0,sales,100-equivalent-month-of-2019,index
2019-08,retail-trade,100.0,sales,100-equivalent-month-of-2019,index
2019-08,accommodation-and-food-services,100.0,sales,100-equivalent-month-of-2019,index
2019-08,information-media-and-telecommunications,100.0,sales,100-equivalent-month-of-2019,index
2019-08,rental-hiring-and-real-estate-services,100.0,sales,100-equivalent-month-of-2019,index
2019-08,professional-scientific-and-technical-services,100.0,sales,100-equivalent-month-of-2019,index
2019-08,administrative-and-support-services,100.0,sales,100-equivalent-month-of-2019,index
2019-08,other-services,100.0,sales,100-equivalent-month-of-2019,index
2019-08,health-care-and-social-assistance,100.0,sales,100-equivalent-month-of-2019,index
2019-09,manufacturing,100.0,sales,100-equivalent-month-of-2019,index
2019-09,construction,100.0,sales,100-equivalent-month-of-2019,index
2019-09,retail-trade,100.0,sales,100-equivalent-month-of-2019,index
2019-09,accommodation-and-food-services,100.0,sales,100-equivalent-month-of-2019,index
2019-09,information-media-and-telecommunications,100.0,sales,100-equivalent-month-of-2019,index
2019-09,rental-hiring-and-real-estate-services,100.0,sales,100-equivalent-month-of-2019,index
2019-09,professional-scientific-and-technical-services,100.0,sales,100-equivalent-month-of-2019,index
2019-09,administrative-and-support-services,100.0,sales,100-equivalent-month-of-2019,index
2019-09,other-services,100.0,sales,100-equivalent-month-of-2019,index
2019-09,health-care-and-social-assistance,100.0,sales,100-equivalent-month-of-2019,index
2019-10,manufacturing,100.0,sales,100-equivalent-month-of-2019,index
2019-10,construction,100.0,sales,100-equivalent-month-of-2019,index
2019-10,retail-trade,100.0,sales,100-equivalent-month-of-2019,index
2019-10,accommodation-and-food-services,100.0,sales,100-equivalent-month-of-2019,index
2019-10,information-media-and-telecommunications,100.0,sales,100-equivalent-month-of-2019,index
2019-10,rental-hiring-and-real-estate-services,100.0,sales,100-equivalent-month-of-2019,index
2019-10,professional-scientific-and-technical-services,100.0,sales,100-equivalent-month-of-2019,index
2019-10,administrative-and-support-services,100.0,sales,100-equivalent-month-of-2019,index
2019-10,other-services,100.0,sales,100-equivalent-month-of-2019,index
2019-10,health-care-and-social-assistance,100.0,sales,100-equivalent-month-of-2019,index
2019-11,manufacturing,100.0,sales,100-equivalent-month-of-2019,index
2019-11,construction,100.0,sales,100-equivalent-month-of-2019,index
2019-11,retail-trade,100.0,sales,100-equivalent-month-of-2019,index
2019-11,accommodation-and-food-services,100.0,sales,100-equivalent-month-of-2019,index
2019-11,information-media-and-telecommunications,100.0,sales,100-equivalent-month-of-2019,index
2019-11,rental-hiring-and-real-estate-services,100.0,sales,100-equivalent-month-of-2019,index
2019-11,professional-scientific-and-technical-services,100.0,sales,100-equivalent-month-of-2019,index
2019-11,administrative-and-support-services,100.0,sales,100-equivalent-month-of-2019,index
2019-11,other-services,100.0,sales,100-equivalent-month-of-2019,index
2019-11,health-care-and-social-assistance,100.0,sales,100-equivalent-month-of-2019,index
2019-12,manufacturing,100.0,sales,100-equivalent-month-of-2019,index
2019-12,construction,100.0,sales,100-equivalent-month-of-2019,index
2019-12,retail-trade,100.0,sales,100-equivalent-month-of-2019,index
2019-12,accommodation-and-food-services,100.0,sales,100-equivalent-month-of-2019,index
2019-12,information-media-and-telecommunications,100.0,sales,100-equivalent-month-of-2019,index
2019-12,rental-hiring-and-real-estate-services,100.0,sales,100-equivalent-month-of-2019,index
2019-12,professional-scientific-and-technical-services,100.0,sales,100-equivalent-month-of-2019,index
2019-12,administrative-and-support-services,100.0,sales,100-equivalent-month-of-2019,index
2019-12,other-services,100.0,sales,100-equivalent-month-of-2019,index
2019-12,health-care-and-social-assistance,100.0,sales,100-equivalent-month-of-2019,index
2020-01,manufacturing,107.4,sales,100-equivalent-month-of-2019,index
2020-01,construction,99.5,sales,100-equivalent-month-of-2019,index
2020-01,retail-trade,100.2,sales,100-equivalent-month-of-2019,index
2020-01,accommodation-and-food-services,98.1,sales,100-equivalent-month-of-2019,index
2020-01,information-media-and-telecommunications,110.9,sales,100-equivalent-month-of-2019,index
2020-01,rental-hiring-and-real-estate-services,101.2,sales,100-equivalent-month-of-2019,index
2020-01,professional-scientific-and-technical-services,105.0,sales,100-equivalent-month-of-2019,index
2020-01,administrative-and-support-services,103.7,sales,100-equivalent-month-of-2019,index
2020-01,other-services,101.9,sales,100-equivalent-month-of-2019,index
2020-01,health-care-and-social-assistance,109.7,sales,100-equivalent-month-of-2019,index
2020-02,manufacturing,105.6,sales,100-equivalent-month-of-2019,index
2020-02,construction,97.2,sales,100-equivalent-month-of-2019,index
2020-02,retail-trade,99.4,sales,100-equivalent-month-of-2019,index
2020-02,accommodation-and-food-services,98.2,sales,100-equivalent-month-of-2019,index
2020-02,information-media-and-telecommunications,110.4,sales,100-equivalent-month-of-2019,index
2020-02,rental-hiring-and-real-estate-services,101.1,sales,100-equivalent-month-of-2019,index
2020-02,professional-scientific-and-technical-services,104.6,sales,100-equivalent-month-of-2019,index
2020-02,administrative-and-support-services,101.0,sales,100-equivalent-month-of-2019,index
2020-02,other-services,101.2,sales,100-equivalent-month-of-2019,index
2020-02,health-care-and-social-assistance,110.7,sales,100-equivalent-month-of-2019,index
2020-03,manufacturing,99.8,sales,100-equivalent-month-of-2019,index
2020-03,construction,97.4,sales,100-equivalent-month-of-2019,index
2020-03,retail-trade,98.9,sales,100-equivalent-month-of-2019,index
2020-03,accommodation-and-food-services,87.1,sales,100-equivalent-month-of-2019,index
2020-03,information-media-and-telecommunications,110.7,sales,100-equivalent-month-of-2019,index
2020-03,rental-hiring-and-real-estate-services,94.8,sales,100-equivalent-month-of-2019,index
2020-03,professional-scientific-and-technical-services,102.1,sales,100-equivalent-month-of-2019,index
2020-03,administrative-and-support-services,95.9,sales,100-equivalent-month-of-2019,index
2020-03,other-services,93.0,sales,100-equivalent-month-of-2019,index
2020-03,health-care-and-social-assistance,101.0,sales,100-equivalent-month-of-2019,index
2020-04,manufacturing,82.3,sales,100-equivalent-month-of-2019,index
2020-04,construction,73.8,sales,100-equivalent-month-of-2019,index
2020-04,retail-trade,76.9,sales,100-equivalent-month-of-2019,index
2020-04,accommodation-and-food-services,44.5,sales,100-equivalent-month-of-2019,index
2020-04,information-media-and-telecommunications,100.7,sales,100-equivalent-month-of-2019,index
2020-04,rental-hiring-and-real-estate-services,66.4,sales,100-equivalent-month-of-2019,index
2020-04,professional-scientific-and-technical-services,90.4,sales,100-equivalent-month-of-2019,index
2020-04,administrative-and-support-services,66.4,sales,100-equivalent-month-of-2019,index
2020-04,other-services,75.4,sales,100-equivalent-month-of-2019,index
2020-04,health-care-and-social-assistance,80.0,sales,100-equivalent-month-of-2019,index
2020-05,manufacturing,79.0,sales,100-equivalent-month-of-2019,index
2020-05,construction,73.9,sales,100-equivalent-month-of-2019,index
2020-05,retail-trade,78.1,sales,100-equivalent-month-of-2019,index
2020-05,accommodation-and-food-services,36.9,sales,100-equivalent-month-of-2019,index
2020-05,information-media-and-telecommunications,97.8,sales,100-equivalent-month-of-2019,index
2020-05,rental-hiring-and-real-estate-services,62.6,sales,100-equivalent-month-of-2019,index
2020-05,professional-scientific-and-technical-services,88.0,sales,100-equivalent-month-of-2019,index
2020-05,administrative-and-support-services,74.5,sales,100-equivalent-month-of-2019,index
2020-05,other-services,69.7,sales,100-equivalent-month-of-2019,index
2020-05,health-care-and-social-assistance,72.3,sales,100-equivalent-month-of-2019,index
2020-06,manufacturing,83.3,sales,100-equivalent-month-of-2019,index
2020-06,construction,82.0,sales,100-equivalent-month-of-2019,index
2020-06,retail-trade,83.4,sales,100-equivalent-month-of-2019,index
2020-06,accommodation-and-food-services,49.3,sales,100-equivalent-month-of-2019,index
2020-06,information-media-and-telecommunications,96.2,sales,100-equivalent-month-of-2019,index
2020-06,rental-hiring-and-real-estate-services,74.9,sales,100-equivalent-month-of-2019,index
2020-06,professional-scientific-and-technical-services,88.5,sales,100-equivalent-month-of-2019,index
2020-06,administrative-and-support-services,76.7,sales,100-equivalent-month-of-2019,index
2020-06,other-services,79.4,sales,100-equivalent-month-of-2019,index
2020-06,health-care-and-social-assistance,81.9,sales,100-equivalent-month-of-2019,index
2020-07,manufacturing,91.3,sales,100-equivalent-month-of-2019,index
2020-07,construction,92.3,sales,100-equivalent-month-of-2019,index
2020-07,retail-trade,92.7,sales,100-equivalent-month-of-2019,index
2020-07,accommodation-and-food-services,69.9,sales,100-equivalent-month-of-2019,index
2020-07,information-media-and-telecommunications,106.7,sales,100-equivalent-month-of-2019,index
2020-07,rental-hiring-and-real-estate-services,83.8,sales,100-equivalent-month-of-2019,index
2020-07,professional-scientific-and-technical-services,95.9,sales,100-equivalent-month-of-2019,index
2020-07,administrative-and-support-services,91.6,sales,100-equivalent-month-of-2019,index
2020-07,other-services,89.9,sales,100-equivalent-month-of-2019,index
2020-07,health-care-and-social-assistance,92.0,sales,100-equivalent-month-of-2019,index
2020-08,manufacturing,92.0,sales,100-equivalent-month-of-2019,index
2020-08,construction,92.4,sales,100-equivalent-month-of-2019,index
2020-08,retail-trade,93.4,sales,100-equivalent-month-of-2019,index
2020-08,accommodation-and-food-services,74.5,sales,100-equivalent-month-of-2019,index
2020-08,information-media-and-telecommunications,105.9,sales,100-equivalent-month-of-2019,index
2020-08,rental-hiring-and-real-estate-services,87.2,sales,100-equivalent-month-of-2019,index
2020-08,professional-scientific-and-technical-services,96.7,sales,100-equivalent-month-of-2019,index
2020-08,administrative-and-support-services,86.5,sales,100-equivalent-month-of-2019,index
2020-08,other-services,92.0,sales,100-equivalent-month-of-2019,index
2020-08,health-care-and-social-assistance,92.7,sales,100-equivalent-month-of-2019,index
2020-09,manufacturing,90.4,sales,100-equivalent-month-of-2019,index
2020-09,construction,93.2,sales,100-equivalent-month-of-2019,index
2020-09,retail-trade,93.2,sales,100-equivalent-month-of-2019,index
2020-09,accommodation-and-food-services,73.1,sales,100-equivalent-month-of-2019,index
2020-09,information-media-and-telecommunications,103.1,sales,100-equivalent-month-of-2019,index
2020-09,rental-hiring-and-real-estate-services,86.7,sales,100-equivalent-month-of-2019,index
2020-09,professional-scientific-and-technical-services,96.6,sales,100-equivalent-month-of-2019,index
2020-09,administrative-and-support-services,88.3,sales,100-equivalent-month-of-2019,index
2020-09,other-services,88.7,sales,100-equivalent-month-of-2019,index
2020-09,health-care-and-social-assistance,95.3,sales,100-equivalent-month-of-2019,index
2020-10,manufacturing,91.7,sales,100-equivalent-month-of-2019,index
2020-10,construction,96.6,sales,100-equivalent-month-of-2019,index
2020-10,retail-trade,100.0,sales,100-equivalent-month-of-2019,index
2020-10,accommodation-and-food-services,74.3,sales,100-equivalent-month-of-2019,index
2020-10,information-media-and-telecommunications,105.4,sales,100-equivalent-month-of-2019,index
2020-10,rental-hiring-and-real-estate-services,88.6,sales,100-equivalent-month-of-2019,index
2020-10,professional-scientific-and-technical-services,98.1,sales,100-equivalent-month-of-2019,index
2020-10,administrative-and-support-services,89.8,sales,100-equivalent-month-of-2019,index
2020-10,other-services,89.8,sales,100-equivalent-month-of-2019,index
2020-10,health-care-and-social-assistance,94.3,sales,100-equivalent-month-of-2019,index
2020-11,manufacturing,89.1,sales,100-equivalent-month-of-2019,index
2020-11,construction,95.3,sales,100-equivalent-month-of-2019,index
2020-11,retail-trade,99.4,sales,100-equivalent-month-of-2019,index
2020-11,accommodation-and-food-services,68.9,sales,100-equivalent-month-of-2019,index
2020-11,information-media-and-telecommunications,104.1,sales,100-equivalent-month-of-2019,index
2020-11,rental-hiring-and-real-estate-services,84.9,sales,100-equivalent-month-of-2019,index
2020-11,professional-scientific-and-technical-services,96.8,sales,100-equivalent-month-of-2019,index
2020-11,administrative-and-support-services,89.8,sales,100-equivalent-month-of-2019,index
2020-11,other-services,85.7,sales,100-equivalent-month-of-2019,index
2020-11,health-care-and-social-assistance,96.3,sales,100-equivalent-month-of-2019,index
2020-12,manufacturing,89.1,sales,100-equivalent-month-of-2019,index
2020-12,construction,94.7,sales,100-equivalent-month-of-2019,index
2020-12,retail-trade,99.1,sales,100-equivalent-month-of-2019,index
2020-12,accommodation-and-food-services,67.1,sales,100-equivalent-month-of-2019,index
2020-12,information-media-and-telecommunications,104.5,sales,100-equivalent-month-of-2019,index
2020-12,rental-hiring-and-real-estate-services,85.6,sales,100-equivalent-month-of-2019,index
2020-12,professional-scientific-and-technical-services,97.5,sales,100-equivalent-month-of-2019,index
2020-12,administrative-and-support-services,88.9,sales,100-equivalent-month-of-2019,index
2020-12,other-services,87.7,sales,100-equivalent-month-of-2019,index
2020-12,health-care-and-social-assistance,96.1,sales,100-equivalent-month-of-2019,index
2021-01,manufacturing,96.5526,sales,100-equivalent-month-of-2019,index
2021-01,construction,97.2115,sales,100-equivalent-month-of-2019,index
2021-01,retail-trade,99.4986,sales,100-equivalent-month-of-2019,index
2021-01,accommodation-and-food-services,59.3505,sales,100-equivalent-month-of-2019,index
2021-01,information-media-and-telecommunications,114.227,sales,100-equivalent-month-of-2019,index
2021-01,rental-hiring-and-real-estate-services,91.3836,sales,100-equivalent-month-of-2019,index
2021-01,professional-scientific-and-technical-services,104.16,sales,100-equivalent-month-of-2019,index
2021-01,administrative-and-support-services,90.3227,sales,100-equivalent-month-of-2019,index
2021-01,other-services,91.2005,sales,100-equivalent-month-of-2019,index
2021-01,health-care-and-social-assistance,107.2866,sales,100-equivalent-month-of-2019,index
2021-02,manufacturing,95.4624,sales,100-equivalent-month-of-2019,index
2021-02,construction,93.7008,sales,100-equivalent-month-of-2019,index
2021-02,retail-trade,97.3126,sales,100-equivalent-month-of-2019,index
2021-02,accommodation-and-food-services,57.447,sales,100-equivalent-month-of-2019,index
2021-02,information-media-and-telecommunications,114.0432,sales,100-equivalent-month-of-2019,index
2021-02,rental-hiring-and-real-estate-services,88.6647,sales,100-equivalent-month-of-2019,index
2021-02,professional-scientific-and-technical-services,101.985,sales,100-equivalent-month-of-2019,index
2021-02,administrative-and-support-services,86.355,sales,100-equivalent-month-of-2019,index
2021-02,other-services,87.4368,sales,100-equivalent-month-of-2019,index
2021-02,health-care-and-social-assistance,104.5008,sales,100-equivalent-month-of-2019,index
2021-03,manufacturing,93.2132,sales,100-equivalent-month-of-2019,index
2021-03,construction,95.6468,sales,100-equivalent-month-of-2019,index
2021-03,retail-trade,96.922,sales,100-equivalent-month-of-2019,index
2021-03,accommodation-and-food-services,57.3118,sales,100-equivalent-month-of-2019,index
2021-03,information-media-and-telecommunications,115.128,sales,100-equivalent-month-of-2019,index
2021-03,rental-hiring-and-real-estate-services,87.7848,sales,100-equivalent-month-of-2019,index
2021-03,professional-scientific-and-technical-services,100.9769,sales,100-equivalent-month-of-2019,index
2021-03,administrative-and-support-services,85.6387,sales,100-equivalent-month-of-2019,index
2021-03,other-services,85.467,sales,100-equivalent-month-of-2019,index
2021-03,health-care-and-social-assistance,104.232,sales,100-equivalent-month-of-2019,index
2021-04,manufacturing,96.2087,sales,100-equivalent-month-of-2019,index
2021-04,construction,92.25,sales,100-equivalent-month-of-2019,index
2021-04,retail-trade,96.2788,sales,100-equivalent-month-of-2019,index
2021-04,accommodation-and-food-services,62.1665,sales,100-equivalent-month-of-2019,index
2021-04,information-media-and-telecommunications,117.7183,sales,100-equivalent-month-of-2019,index
2021-04,rental-hiring-and-real-estate-services,77.5552,sales,100-equivalent-month-of-2019,index
2021-04,professional-scientific-and-technical-services,101.7,sales,100-equivalent-month-of-2019,index
2021-04,administrative-and-support-services,84.3944,sales,100-equivalent-month-of-2019,index
2021-04,other-services,87.087,sales,100-equivalent-month-of-2019,index
2021-04,health-care-and-social-assistance,96.56,sales,100-equivalent-month-of-2019,index
2021-05,manufacturing,95.195,sales,100-equivalent-month-of-2019,index
2021-05,construction,93.4835,sales,100-equivalent-month-of-2019,index
2021-05,retail-trade,101.6862,sales,100-equivalent-month-of-2019,index
2021-05,accommodation-and-food-services,65.7558,sales,100-equivalent-month-of-2019,index
2021-05,information-media-and-telecommunications,119.4138,sales,100-equivalent-month-of-2019,index
2021-05,rental-hiring-and-real-estate-services,81.1296,sales,100-equivalent-month-of-2019,index
2021-05,professional-scientific-and-technical-services,103.664,sales,100-equivalent-month-of-2019,index
2021-05,administrative-and-support-services,99.532,sales,100-equivalent-month-of-2019,index
2021-05,other-services,88.4493,sales,100-equivalent-month-of-2019,index
2021-05,health-care-and-social-assistance,94.9299,sales,100-equivalent-month-of-2019,index
2021-06,manufacturing,97.2111,sales,100-equivalent-month-of-2019,index
2021-06,construction,94.464,sales,100-equivalent-month-of-2019,index
2021-06,retail-trade,100.1634,sales,100-equivalent-month-of-2019,index
2021-06,accommodation-and-food-services,76.1685,sales,100-equivalent-month-of-2019,index
2021-06,information-media-and-telecommunications,115.44,sales,100-equivalent-month-of-2019,index
2021-06,rental-hiring-and-real-estate-services,91.3031,sales,100-equivalent-month-of-2019,index
2021-06,professional-scientific-and-technical-services,104.1645,sales,100-equivalent-month-of-2019,index
2021-06,administrative-and-support-services,99.0964,sales,100-equivalent-month-of-2019,index
2021-06,other-services,93.6126,sales,100-equivalent-month-of-2019,index
2021-06,health-care-and-social-assistance,101.6379,sales,100-equivalent-month-of-2019,index
2021-07,manufacturing,100.1561,sales,100-equivalent-month-of-2019,index
2021-07,construction,99.2225,sales,100-equivalent-month-of-2019,index
2021-07,retail-trade,101.3211,sales,100-equivalent-month-of-2019,index
2021-07,accommodation-and-food-services,82.482,sales,100-equivalent-month-of-2019,index
2021-07,information-media-and-telecommunications,122.8117,sales,100-equivalent-month-of-2019,index
2021-07,rental-hiring-and-real-estate-services,93.6884,sales,100-equivalent-month-of-2019,index
2021-07,professional-scientific-and-technical-services,105.8736,sales,100-equivalent-month-of-2019,index
2021-07,administrative-and-support-services,104.6072,sales,100-equivalent-month-of-2019,index
2021-07,other-services,96.4627,sales,100-equivalent-month-of-2019,index
2021-07,health-care-and-social-assistance,105.708,sales,100-equivalent-month-of-2019,index
2021-08,manufacturing,98.256,sales,100-equivalent-month-of-2019,index
2021-08,construction,95.4492,sales,100-equivalent-month-of-2019,index
2021-08,retail-trade,99.5644,sales,100-equivalent-month-of-2019,index
2021-08,accommodation-and-food-services,83.142,sales,100-equivalent-month-of-2019,index
2021-08,information-media-and-telecommunications,124.7502,sales,100-equivalent-month-of-2019,index
2021-08,rental-hiring-and-real-estate-services,94.0016,sales,100-equivalent-month-of-2019,index
2021-08,professional-scientific-and-technical-services,104.436,sales,100-equivalent-month-of-2019,index
2021-08,administrative-and-support-services,95.2365,sales,100-equivalent-month-of-2019,index
2021-08,other-services,97.428,sales,100-equivalent-month-of-2019,index
2021-08,health-care-and-social-assistance,102.1554,sales,100-equivalent-month-of-2019,index
2021-09,manufacturing,94.7392,sales,100-equivalent-month-of-2019,index
2021-09,construction,96.7416,sales,100-equivalent-month-of-2019,index
2021-09,retail-trade,100.0968,sales,100-equivalent-month-of-2019,index
2021-09,accommodation-and-food-services,83.8457,sales,100-equivalent-month-of-2019,index
2021-09,information-media-and-telecommunications,122.1735,sales,100-equivalent-month-of-2019,index
2021-09,rental-hiring-and-real-estate-services,89.9079,sales,100-equivalent-month-of-2019,index
2021-09,professional-scientific-and-technical-services,105.4872,sales,100-equivalent-month-of-2019,index
2021-09,administrative-and-support-services,97.13,sales,100-equivalent-month-of-2019,index
2021-09,other-services,94.6429,sales,100-equivalent-month-of-2019,index
2021-09,health-care-and-social-assistance,97.4919,sales,100-equivalent-month-of-2019,index
2021-10,manufacturing,98.119,sales,100-equivalent-month-of-2019,index
2021-10,construction,98.3388,sales,100-equivalent-month-of-2019,index
2021-10,retail-trade,103.9,sales,100-equivalent-month-of-2019,index
2021-10,accommodation-and-food-services,85.2221,sales,100-equivalent-month-of-2019,index
2021-10,information-media-and-telecommunications,124.5828,sales,100-equivalent-month-of-2019,index
2021-10,rental-hiring-and-real-estate-services,91.5238,sales,100-equivalent-month-of-2019,index
2021-10,professional-scientific-and-technical-services,105.0651,sales,100-equivalent-month-of-2019,index
2021-10,administrative-and-support-services,98.1514,sales,100-equivalent-month-of-2019,index
2021-10,other-services,93.392,sales,100-equivalent-month-of-2019,index
2021-10,health-care-and-social-assistance,97.0347,sales,100-equivalent-month-of-2019,index
2021-11,manufacturing,92.2185,sales,100-equivalent-month-of-2019,index
2021-11,construction,94.1564,sales,100-equivalent-month-of-2019,index
2021-11,retail-trade,101.5868,sales,100-equivalent-month-of-2019,index
2021-11,accommodation-and-food-services,83.4379,sales,100-equivalent-month-of-2019,index
2021-11,information-media-and-telecommunications,120.6519,sales,100-equivalent-month-of-2019,index
2021-11,rental-hiring-and-real-estate-services,88.7205,sales,100-equivalent-month-of-2019,index
2021-11,professional-scientific-and-technical-services,103.1888,sales,100-equivalent-month-of-2019,index
2021-11,administrative-and-support-services,101.2944,sales,100-equivalent-month-of-2019,index
2021-11,other-services,88.271,sales,100-equivalent-month-of-2019,index
2021-11,health-care-and-social-assistance,97.9371,sales,100-equivalent-month-of-2019,index
2021-12,manufacturing,90.7038,sales,100-equivalent-month-of-2019,index
2021-12,construction,92.806,sales,100-equivalent-month-of-2019,index
2021-12,retail-trade,100.5865,sales,100-equivalent-month-of-2019,index
2021-12,accommodation-and-food-services,81.9291,sales,100-equivalent-month-of-2019,index
2021-12,information-media-and-telecommunications,117.249,sales,100-equivalent-month-of-2019,index
2021-12,rental-hiring-and-real-estate-services,89.1952,sales,100-equivalent-month-of-2019,index
2021-12,professional-scientific-and-technical-services,102.18,sales,100-equivalent-month-of-2019,index
2021-12,administrative-and-support-services,96.012,sales,100-equivalent-month-of-2019,index
2021-12,other-services,89.1032,sales,100-equivalent-month-of-2019,index
2021-12,health-care-and-social-assistance,94.4663,sales,100-equivalent-month-of-2019,index
2022-01,manufacturing,96.1663896,sales,100-equivalent-month-of-2019,index
2022-01,construction,93.2258285,sales,100-equivalent-month-of-2019,index
2022-01,retail-trade,100.991079,sales,100-equivalent-month-of-2019,index
2022-01,accommodation-and-food-services,78.34266,sales,100-equivalent-month-of-2019,index
2022-01,information-media-and-telecommunications,124.50743,sales,100-equivalent-month-of-2019,index
2022-01,rental-hiring-and-real-estate-services,93.7595736,sales,100-equivalent-month-of-2019,index
2022-01,professional-scientific-and-technical-services,107.8056,sales,100-equivalent-month-of-2019,index
2022-01,administrative-and-support-services,97.4581933,sales,100-equivalent-month-of-2019,index
2022-01,other-services,90.835698,sales,100-equivalent-month-of-2019,index
2022-01,health-care-and-social-assistance,105.4627278,sales,100-equivalent-month-of-2019,index
2022-02,manufacturing,92.8849152,sales,100-equivalent-month-of-2019,index
2022-02,construction,88.547256,sales,100-equivalent-month-of-2019,index
2022-02,retail-trade,97.6045378,sales,100-equivalent-month-of-2019,index
2022-02,accommodation-and-food-services,79.161966,sales,100-equivalent-month-of-2019,index
2022-02,information-media-and-telecommunications,122.8245264,sales,100-equivalent-month-of-2019,index
2022-02,rental-hiring-and-real-estate-services,90.437994,sales,100-equivalent-month-of-2019,index
2022-02,professional-scientific-and-technical-services,103.82073,sales,100-equivalent-month-of-2019,index
2022-02,administrative-and-support-services,90.413685,sales,100-equivalent-month-of-2019,index
2022-02,other-services,87.9614208,sales,100-equivalent-month-of-2019,index
2022-02,health-care-and-social-assistance,100.7387712,sales,100-equivalent-month-of-2019,index
2022-03,manufacturing,89.1118192,sales,100-equivalent-month-of-2019,index
2022-03,construction,87.8037624,sales,100-equivalent-month-of-2019,index
2022-03,retail-trade,95.274326,sales,100-equivalent-month-of-2019,index
2022-03,accommodation-and-food-services,77.8867362,sales,100-equivalent-month-of-2019,index
2022-03,information-media-and-telecommunications,122.150808,sales,100-equivalent-month-of-2019,index
2022-03,rental-hiring-and-real-estate-services,89.6282808,sales,100-equivalent-month-of-2019,index
2022-03,professional-scientific-and-technical-services,101.2798307,sales,100-equivalent-month-of-2019,index
2022-03,administrative-and-support-services,86.8376418,sales,100-equivalent-month-of-2019,index
2022-03,other-services,81.962853,sales,100-equivalent-month-of-2019,index
2022-03,health-care-and-social-assistance,94.955352,sales,100-equivalent-month-of-2019,index
2022-04,manufacturing,88.2233779,sales,100-equivalent-month-of-2019,index
2022-04,construction,82.37925,sales,100-equivalent-month-of-2019,index
2022-04,retail-trade,88.6727748,sales,100-equivalent-month-of-2019,index
2022-04,accommodation-and-food-services,72.0509735,sales,100-equivalent-month-of-2019,index
2022-04,information-media-and-telecommunications,117.3651451,sales,100-equivalent-month-of-2019,index
2022-04,rental-hiring-and-real-estate-services,73.9101056,sales,100-equivalent-month-of-2019,index
2022-04,professional-scientific-and-technical-services,97.632,sales,100-equivalent-month-of-2019,index
2022-04,administrative-and-support-services,81.5249904,sales,100-equivalent-month-of-2019,index
2022-04,other-services,81.426345,sales,100-equivalent-month-of-2019,index
2022-04,health-care-and-social-assistance,89.70424,sales,100-equivalent-month-of-2019,index
2022-05,manufacturing,87.00823,sales,100-equivalent-month-of-2019,index
2022-05,construction,83.4807655,sales,100-equivalent-month-of-2019,index
2022-05,retail-trade,92.534442,sales,100-equivalent-month-of-2019,index
2022-05,accommodation-and-food-services,64.7037072,sales,100-equivalent-month-of-2019,index
2022-05,information-media-and-telecommunications,119.4138,sales,100-equivalent-month-of-2019,index
2022-05,rental-hiring-and-real-estate-services,74.233584,sales,100-equivalent-month-of-2019,index
2022-05,professional-scientific-and-technical-services,100.55408,sales,100-equivalent-month-of-2019,index
2022-05,administrative-and-support-services,97.0437,sales,100-equivalent-month-of-2019,index
2022-05,other-services,81.2849067,sales,100-equivalent-month-of-2019,index
2022-05,health-care-and-social-assistance,88.4746668,sales,100-equivalent-month-of-2019,index
2022-06,manufacturing,90.1146897,sales,100-equivalent-month-of-2019,index
2022-06,construction,85.773312,sales,100-equivalent-month-of-2019,index
2022-06,retail-trade,91.649511,sales,100-equivalent-month-of-2019,index
2022-06,accommodation-and-food-services,72.207738,sales,100-equivalent-month-of-2019,index
2022-06,information-media-and-telecommunications,117.51792,sales,100-equivalent-month-of-2019,index
2022-06,rental-hiring-and-real-estate-services,85.6423078,sales,100-equivalent-month-of-2019,index
2022-06,professional-scientific-and-technical-services,101.9770455,sales,100-equivalent-month-of-2019,index
2022-06,administrative-and-support-services,97.2135684,sales,100-equivalent-month-of-2019,index
2022-06,other-services,87.4341684,sales,100-equivalent-month-of-2019,index
2022-06,health-care-and-social-assistance,95.9461776,sales,100-equivalent-month-of-2019,index
2022-07,manufacturing,92.0434559,sales,100-equivalent-month-of-2019,index
2022-07,construction,91.2847,sales,100-equivalent-month-of-2019,index
2022-07,retail-trade,93.5193753,sales,100-equivalent-month-of-2019,index
2022-07,accommodation-and-food-services,76.955706,sales,100-equivalent-month-of-2019,index
2022-07,information-media-and-telecommunications,122.6888883,sales,100-equivalent-month-of-2019,index
2022-07,rental-hiring-and-real-estate-services,89.6597988,sales,100-equivalent-month-of-2019,index
2022-07,professional-scientific-and-technical-services,104.3913696,sales,100-equivalent-month-of-2019,index
2022-07,administrative-and-support-services,102.8288776,sales,100-equivalent-month-of-2019,index
2022-07,other-services,90.2890872,sales,100-equivalent-month-of-2019,index
2022-07,health-care-and-social-assistance,103.382424,sales,100-equivalent-month-of-2019,index
2022-08,manufacturing,90.199008,sales,100-equivalent-month-of-2019,index
2022-08,construction,87.0496704,sales,100-equivalent-month-of-2019,index
2022-08,retail-trade,90.8027328,sales,100-equivalent-month-of-2019,index
2022-08,accommodation-and-food-services,76.241214,sales,100-equivalent-month-of-2019,index
2022-08,information-media-and-telecommunications,124.8749502,sales,100-equivalent-month-of-2019,index
2022-08,rental-hiring-and-real-estate-services,85.3534528,sales,100-equivalent-month-of-2019,index
2022-08,professional-scientific-and-technical-services,102.765024,sales,100-equivalent-month-of-2019,index
2022-08,administrative-and-support-services,92.760351,sales,100-equivalent-month-of-2019,index
2022-08,other-services,89.244048,sales,100-equivalent-month-of-2019,index
2022-08,health-care-and-social-assistance,99.2950488,sales,100-equivalent-month-of-2019,index
2022-09,manufacturing,87.4442816,sales,100-equivalent-month-of-2019,index
2022-09,construction,89.2924968,sales,100-equivalent-month-of-2019,index
2022-09,retail-trade,91.588572,sales,100-equivalent-month-of-2019,index
2022-09,accommodation-and-food-services,75.46113,sales,100-equivalent-month-of-2019,index
2022-09,information-media-and-telecommunications,122.906541,sales,100-equivalent-month-of-2019,index
2022-09,rental-hiring-and-real-estate-services,84.4235181,sales,100-equivalent-month-of-2019,index
2022-09,professional-scientific-and-technical-services,104.7487896,sales,100-equivalent-month-of-2019,index
2022-09,administrative-and-support-services,93.92471,sales,100-equivalent-month-of-2019,index
2022-09,other-services,87.3553967,sales,100-equivalent-month-of-2019,index
2022-09,health-care-and-social-assistance,95.3470782,sales,100-equivalent-month-of-2019,index
2022-10,manufacturing,91.25067,sales,100-equivalent-month-of-2019,index
2022-10,construction,90.8650512,sales,100-equivalent-month-of-2019,index
2022-10,retail-trade,96.4192,sales,100-equivalent-month-of-2019,index
2022-10,accommodation-and-food-services,76.8703342,sales,100-equivalent-month-of-2019,index
2022-10,information-media-and-telecommunications,123.2123892,sales,100-equivalent-month-of-2019,index
2022-10,rental-hiring-and-real-estate-services,83.3781818,sales,100-equivalent-month-of-2019,index
2022-10,professional-scientific-and-technical-services,104.7499047,sales,100-equivalent-month-of-2019,index
2022-10,administrative-and-support-services,94.5197982,sales,100-equivalent-month-of-2019,index
2022-10,other-services,88.162048,sales,100-equivalent-month-of-2019,index
2022-10,health-care-and-social-assistance,91.0185486,sales,100-equivalent-month-of-2019,index
2022-11,manufacturing,85.025457,sales,100-equivalent-month-of-2019,index
2022-11,construction,87.09467,sales,100-equivalent-month-of-2019,index
2022-11,retail-trade,94.475724,sales,100-equivalent-month-of-2019,index
2022-11,accommodation-and-food-services,74.6769205,sales,100-equivalent-month-of-2019,index
2022-11,information-media-and-telecommunications,123.064938,sales,100-equivalent-month-of-2019,index
2022-11,rental-hiring-and-real-estate-services,80.2920525,sales,100-equivalent-month-of-2019,index
2022-11,professional-scientific-and-technical-services,102.9824224,sales,100-equivalent-month-of-2019,index
2022-11,administrative-and-support-services,99.268512,sales,100-equivalent-month-of-2019,index
2022-11,other-services,82.886469,sales,100-equivalent-month-of-2019,index
2022-11,health-care-and-social-assistance,93.4319934,sales,100-equivalent-month-of-2019,index
2019-01,total,100.0,sales,100-equivalent-month-of-2019,index
2019-01,total,100.0,jobs,100-equivalent-month-of-2019,index
2019-02,total,100.0,sales,100-equivalent-month-of-2019,index
2019-02,total,100.0,jobs,100-equivalent-month-of-2019,index
2019-03,total,100.0,sales,100-equivalent-month-of-2019,index
2019-03,total,100.0,jobs,100-equivalent-month-of-2019,index
2019-04,total,100.0,sales,100-equivalent-month-of-2019,index
2019-04,total,100.0,jobs,100-equivalent-month-of-2019,index
2019-05,total,100.0,sales,100-equivalent-month-of-2019,index
2019-05,total,100.0,jobs,100-equivalent-month-of-2019,index
2019-06,total,100.0,sales,100-equivalent-month-of-2019,index
2019-06,total,100.0,jobs,100-equivalent-month-of-2019,index
2019-07,total,100.0,sales,100-equivalent-month-of-2019,index
2019-07,total,100.0,jobs,100-equivalent-month-of-2019,index
2019-08,total,100.0,sales,100-equivalent-month-of-2019,index
2019-08,total,100.0,jobs,100-equivalent-month-of-2019,index
2019-09,total,100.0,sales,100-equivalent-month-of-2019,index
2019-09,total,100.0,jobs,100-equivalent-month-of-2019,index
2019-10,total,100.0,sales,100-equivalent-month-of-2019,index
2019-10,total,100.0,jobs,100-equivalent-month-of-2019,index
2019-11,total,100.0,sales,100-equivalent-month-of-2019,index
2019-11,total,100.0,jobs,100-equivalent-month-of-2019,index
2019-12,total,100.0,sales,100-equivalent-month-of-2019,index
2019-12,total,100.0,jobs,100-equivalent-month-of-2019,index
2020-01,total,106.7,sales,100-equivalent-month-of-2019,index
2020-01,total,105.0,jobs,100-equivalent-month-of-2019,index
2020-02,total,105.7,sales,100-equivalent-month-of-2019,index
2020-02,total,103.8,jobs,100-equivalent-month-of-2019,index
2020-03,total,100.0,sales,100-equivalent-month-of-2019,index
2020-03,total,100.0,jobs,100-equivalent-month-of-2019,index
2020-04,total,76.4,sales,100-equivalent-month-of-2019,index
2020-04,total,78.3,jobs,100-equivalent-month-of-2019,index
2020-05,total,74.2,sales,100-equivalent-month-of-2019,index
2020-05,total,75.6,jobs,100-equivalent-month-of-2019,index
2020-06,total,89.6,sales,100-equivalent-month-of-2019,index
2020-06,total,79.2,jobs,100-equivalent-month-of-2019,index
2020-07,total,91.1,sales,100-equivalent-month-of-2019,index
2020-07,total,90.0,jobs,100-equivalent-month-of-2019,index
2020-08,total,93.8,sales,100-equivalent-month-of-2019,index
2020-08,total,91.1,jobs,100-equivalent-month-of-2019,index
2020-09,total,99.6,sales,100-equivalent-month-of-2019,index
2020-09,total,90.4,jobs,100-equivalent-month-of-2019,index
2020-10,total,97.0,sales,100-equivalent-month-of-2019,index
2020-10,total,92.1,jobs,100-equivalent-month-of-2019,index
2020-11,total,100.9,sales,100-equivalent-month-of-2019,index
2020-11,total,90.2,jobs,100-equivalent-month-of-2019,index
2020-12,total,105.2,sales,100-equivalent-month-of-2019,index
2020-12,total,90.2,jobs,100-equivalent-month-of-2019,index
2021-01,total,100.4047,sales,100-equivalent-month-of-2019,index
2021-01,total,94.395,jobs,100-equivalent-month-of-2019,index
2021-02,total,105.4886,sales,100-equivalent-month-of-2019,index
2021-02,total,91.863,jobs,100-equivalent-month-of-2019,index
2021-03,total,114.6,sales,100-equivalent-month-of-2019,index
2021-03,total,91.7,jobs,100-equivalent-month-of-2019,index
2021-04,total,112.9956,sales,100-equivalent-month-of-2019,index
2021-04,total,92.6289,jobs,100-equivalent-month-of-2019,index
2021-05,total,109.5192,sales,100-equivalent-month-of-2019,index
2021-05,total,96.012,jobs,100-equivalent-month-of-2019,index
2021-06,total,120.3328,sales,100-equivalent-month-of-2019,index
2021-06,total,97.3368,jobs,100-equivalent-month-of-2019,index
2021-07,total,109.8666,sales,100-equivalent-month-of-2019,index
2021-07,total,100.44,jobs,100-equivalent-month-of-2019,index
2021-08,total,115.5616,sales,100-equivalent-month-of-2019,index
2021-08,total,99.2079,jobs,100-equivalent-month-of-2019,index
2021-09,total,118.4244,sales,100-equivalent-month-of-2019,index
2021-09,total,98.2648,jobs,100-equivalent-month-of-2019,index
2021-10,total,113.199,sales,100-equivalent-month-of-2019,index
2021-10,total,99.0996,jobs,100-equivalent-month-of-2019,index
2021-11,total,124.5106,sales,100-equivalent-month-of-2019,index
2021-11,total,96.8748,jobs,100-equivalent-month-of-2019,index
2021-12,total,122.8736,sales,100-equivalent-month-of-2019,index
2021-12,total,96.063,jobs,100-equivalent-month-of-2019,index
2022-01,total,124.8030421,sales,100-equivalent-month-of-2019,index
2022-01,total,99.86991,jobs,100-equivalent-month-of-2019,index
2022-02,total,129.4345122,sales,100-equivalent-month-of-2019,index
2022-02,total,96.548013,jobs,100-equivalent-month-of-2019,index
2022-03,total,136.2594,sales,100-equivalent-month-of-2019,index
2022-03,total,94.3593,jobs,100-equivalent-month-of-2019,index
2022-04,total,129.1539708,sales,100-equivalent-month-of-2019,index
2022-04,total,90.2205486,jobs,100-equivalent-month-of-2019,index
2022-05,total,134.16102,sales,100-equivalent-month-of-2019,index
2022-05,total,91.499436,jobs,100-equivalent-month-of-2019,index
2022-06,total,131.4034176,sales,100-equivalent-month-of-2019,index
2022-06,total,93.2486544,jobs,100-equivalent-month-of-2019,index
2022-07,total,123.599925,sales,100-equivalent-month-of-2019,index
2022-07,total,96.32196,jobs,100-equivalent-month-of-2019,index
2022-08,total,133.5892096,sales,100-equivalent-month-of-2019,index
2022-08,total,94.0490892,jobs,100-equivalent-month-of-2019,index
2022-09,total,129.082596,sales,100-equivalent-month-of-2019,index
2022-09,total,93.9411488,jobs,100-equivalent-month-of-2019,index
2022-10,total,122.594517,sales,100-equivalent-month-of-2019,index
2022-10,total,94.5410184,jobs,100-equivalent-month-of-2019,index
2022-11,total,128.9929816,sales,100-equivalent-month-of-2019,index
2022-11,total,91.6435608,jobs,100-equivalent-month-of-2019,index
